{"scale": 1.424363534698782, "max_step": 39.34141494268932, "smoothing": 0.9, "invert_y": true}