{"xy_sens": 89.561, "targeting_sens": 89.561, "xy_scale": 0.11165574301314188, "targeting_scale": 0.1246700494781678}